SET FOREIGN_KEY_CHECKS=0;

-- 1. Program_Keahlian
CREATE TABLE `program_keahlian` (
  `id_program_keahlian` INT(2) PRIMARY KEY,
  `program_keahlian` VARCHAR(6),
  `deskripsi` VARCHAR(50)
);

INSERT INTO `program_keahlian` (`id_program_keahlian`, `program_keahlian`, `deskripsi`) VALUES
(1, 'RPL', 'Rekayasa Perangkat Lunak'),
(2, 'DKV', 'Desain Komunikasi Visual'),
(3, 'TKJ', 'Teknik Komputer Jaringan'),
(4, 'AN', 'Animasi'),
(5, 'BD', 'Bisnis Digital');

-- 2. Tingkat
CREATE TABLE `tingkat` (
  `id_tingkat` INT(1) PRIMARY KEY,
  `tingkat` VARCHAR(6)
);

INSERT INTO `tingkat` (`id_tingkat`, `tingkat`) VALUES
(1, 'X'),
(2, 'XI'),
(3, 'XII');

-- 3. Tahun_Ajaran
CREATE TABLE `tahun_ajaran` (
  `id_tahun_ajaran` INT(3) PRIMARY KEY,
  `tahun` VARCHAR(10),
  `aktif` ENUM('Y', 'N')
);

INSERT INTO `tahun_ajaran` (`id_tahun_ajaran`, `tahun`, `aktif`) VALUES
(1, '2021/2022', 'N'),
(2, '2022/2023', 'N'),
(3, '2023/2024', 'N'),
(4, '2024/2025', 'N'),
(5, '2025/2026', 'Y');

-- 4. Jenis_Pelanggaran
CREATE TABLE `jenis_pelanggaran` (
  `id_jenis_pelanggaran` INT(2) PRIMARY KEY,
  `jenis` VARCHAR(50),
  `poin` INT(2)
);

INSERT INTO `jenis_pelanggaran` (`id_jenis_pelanggaran`, `jenis`, `poin`) VALUES
(1, 'Seragam Sekolah', 2),
(2, 'Kehadiran Di Sekolah', 5),
(3, 'Proses Belajar Mengajar', 6),
(4, 'Pelanggaran Norma Norma', 9),
(5, 'Pelanggaran Berat', 10),
(6, 'Kesopanan Berkendara', 8),
(7, 'Upacara Bendera', 4);

-- 5. Guru
CREATE TABLE `guru` (
  `kode_guru` CHAR(8) PRIMARY KEY,
  `nama_pengguna` VARCHAR(100),
  `role` VARCHAR(30),
  `username` VARCHAR(50),
  `password` VARCHAR(70),
  `aktif` ENUM('Y', 'N'),
  `jabatan` VARCHAR(50),
  `telp` VARCHAR(16)
);

INSERT INTO `guru` (`kode_guru`, `nama_pengguna`, `role`, `username`, `password`, `aktif`, `jabatan`, `telp`) VALUES
('0021.001', 'Drs. I Gusti Made Murjana,M.Pd.', 'Guru', 'made', 'B:i+}j77,£l^b;95RE0^#%U?&&x+k~2_:CYpjY|w\^J~%NE=:n', 'Y', 'Kepala Sekolah', '081805474228'),
('0021.002', 'I Nyoman Sucana,M.Kom.', 'Guru', 'sucana', '#8,_3~[h}D!c>=k:"o)@Be2&$2WxT<}}0u58eC#DbD,=D<zjSI', 'Y', 'Waka Kurikulum', '083117769593'),
('0021.003', 'Bagus Putu Eka Wijaya,S.Kom.', 'Guru', 'guseka', '56},F}j3p09A9\;VR}$`4pi9{dn[QOIHwm(D3^&dLi;r:Ij!m[', 'Y', 'Waka Kesiswaan', '082146503026'),
('0021.004', 'Dewa Made Indra Suarmika,S.Kom.', 'Guru', 'indra', '#8,_3~[h}D!c>=k:o)@Be2&$2WxT<}}0u58eC#DbD,=D<zjSI', 'Y', 'Waka Sarana Prasarana', '081999976038'),
('0021.005', 'I Gede Pradipta Adi Nugraha,M.Kom.', 'Guru', 'dipta', '56},F}j3p09A9\;VR}$`4pi9{dn[QOIHwm(D3^&dLi;r:Ij!m[', 'Y', 'Waka Humas', '082247033044'),
('0021.006', 'I Gede Agung Abdi Prasetya,S.Ak.', 'Guru', 'abdi', 'B:i+}j77,£l^b;95RE0^#%U?&&x+k~2_:CYpjY|w\^J~%NE=:n', 'Y', 'Komka AN', '087862656412'),
('0021.007', 'A.A Gede Putra Dwi Artajaya,S.Si.,M.Kom.', 'Guru', 'artajaya', '56},F}j3p09A9\;VR}$`4pi9{dn[QOIHwm(D3^&dLi;r:Ij!m[', 'Y', 'Komka RPL', '082237442222'),
('0021.008', 'I Komang Arta Wijaya,M.Kom.', 'Guru', 'arta', '#8,_3~[h}D!c>=k:o)@Be2&$2WxT<}}0u58eC#DbD,=D<zjSI', 'Y', 'Komka DKV', '085953912558'),
('0021.009', 'I Made Sastrawan Adi Putra,S.Kom.', 'Guru', 'sastra', 'B:i+}j77,£l^b;95RE0^#%U?&&x+k~2_:CYpjY|w\^J~%NE=:n', 'Y', 'Komka TKJ', '08563769773'),
('0021.010', 'Ni Wayan Sri Arini,ST.,M.Kom.', 'Guru', 'sriarini', 'Guru12345*!', 'Y', 'Guru Mapel', '087863112233'),
('0021.011', 'I Putu Urip Sutresna Mantra,S.Kom.', 'Guru', 'urip', 'Guru12345*!', 'Y', 'Ketua Lab', '085739990443'),
('0021.012', 'Ni Wayan Rumasni,S.Pd.,M.Pd.', 'Guru', 'rum', 'Guru12345*!', 'Y', 'Guru Mapel', '087861863842'),
('0021.013', 'I Wayan Agus Wiranata,S.Pd.', 'Guru', 'wiranata', 'Guru12345*!', 'Y', 'Guru Mapel', '082291355411'),
('0021.014', 'Nyoman Hendra Adi Wijaya,S.Pd.,M.Kom.', 'Guru', 'hendra', 'Guru12345*!', 'Y', 'Guru Mapel', '082247033484'),
('0021.015', 'Dra. Ni Made Ayu Adnyani', 'Guru', 'ayuadnyani', 'Guru12345*!', 'Y', 'Guru Mapel', '08123650940'),
('0021.016', 'Nama_Pengguna', 'Guru', 'pengguna', 'Guru12345*!', 'N', 'Guru Mapel', '083114537674'),
('0021.017', 'Nama_Pengguna', 'Guru', 'pengguna', 'Guru12345*!', 'N', 'Guru Mapel', '085738235218'),
('0021.018', 'Putu Yenny Suryantari,S.Pd.', 'Guru', 'yenny', 'Guru12345*!', 'Y', 'Guru Mapel', '082146167817'),
('0021.019', 'I Gusti Ayu Sri Erna Dewi,SE.', 'Guru', 'erna', 'Guru12345*!', 'Y', 'Guru Mapel', '081239588346'),
('0021.020', 'Nama_Pengguna', 'Guru', 'pengguna', 'Guru12345*!', 'N', 'Guru Mapel', '081338401856'),
('0021.021', 'Ida Ayu Indra Pratiwi,S.Sn.', 'Guru', 'dayuindra', 'Guru12345*!', 'Y', 'Guru Mapel', '085738216181'),
('0021.022', 'I Wayan Sudarsa,S.Kom.', 'Guru', 'sudarsa', 'Guru12345*!', 'Y', 'Guru Mapel', '083834969500'),
('0021.023', 'Nama_Pengguna', 'Guru', 'pengguna', 'Guru12345*!', 'N', 'Guru Mapel', '082247033088'),
('0021.024', 'Nama_Pengguna', 'Guru', 'pengguna', 'Guru12345*!', 'N', 'Guru Mapel', '082247033030'),
('0021.025', 'I Putu Dedy Karsana,S.Pd.', 'Guru', 'dedy', 'Guru12345*!', 'Y', 'Guru Mapel', '0895347674833'),
('0021.026', 'Nama_Pengguna', 'Guru', 'pengguna', 'Guru12345*!', 'N', 'Guru Mapel', '081238437877'),
('0021.027', 'I Putu Agus Sujana Adi Putra,S.Pd.', 'Guru', 'gussujana', 'Guru12345*!', 'Y', 'Guru Mapel', '081237896743'),
('0021.028', 'Nama_Pengguna', 'Guru', 'pengguna', 'Guru12345*!', 'N', 'Guru Mapel', '081933019479'),
('0021.029', 'Drs. I Gusti Putu Tirta Yasa,M.Pd.', 'Guru', 'tirta', 'Guru12345*!', 'Y', 'Guru Mapel', '087837454455'),
('0021.030', 'Nama_Pengguna', 'Guru', 'pengguna', 'Guru12345*!', 'N', 'Guru Mapel', '081220692219'),
('0021.031', 'Nama_Pengguna', 'Guru', 'pengguna', 'Guru12345*!', 'N', 'Guru Mapel', '081353285810'),
('0021.032', 'Nama_Pengguna', 'Guru', 'pengguna', 'Guru12345*!', 'N', 'Guru Mapel', '081338512340'),
('0021.033', 'Ni Putu Anita Prahandari,S.Pd.', 'Guru', 'anita', 'Guru12345*!', 'Y', 'Guru Mapel', '081933106676'),
('0021.034', 'Nama_Pengguna', 'Guru', 'pengguna', 'Guru12345*!', 'N', 'Guru Mapel', '081338638999'),
('0021.035', 'I Kadek Yogi Mayudana,M.Pd.', 'Guru', 'yogi', 'Guru12345*!', 'Y', 'Guru Mapel', '081999022333'),
('0021.036', 'Luh Putu Ayu Desiani,S.Kom.,MM.', 'Guru', 'desi', 'Guru12345*!', 'Y', 'Guru Mapel', '081805474228'),
('0021.037', 'I Kadek Puji Aksama,S.Pd.', 'Guru', 'aksama', 'Guru12345*!', 'Y', 'Guru Mapel', '083117769593'),
('0021.038', 'Nama_Pengguna', 'Guru', 'pengguna', 'Guru12345*!', 'N', 'Guru Mapel', '082146503026'),
('0021.039', 'Ida Gusti Ayu Rinjani,M.Pd.', 'Guru', 'anjani', 'Guru12345*!', 'Y', 'Guru BK XII', '081999976038'),
('0021.040', 'Ainul Mubsiroh,S.Pd.I, M.Pd.', 'Guru', 'ain', 'Guru12345*!', 'Y', 'Guru Mapel', '082247033044'),
('0021.041', 'Nama_Pengguna', 'Guru', 'pengguna', 'Guru12345*!', 'N', 'Guru Mapel', '087862656412'),
('0021.042', 'Nama_Pengguna', 'Guru', 'pengguna', 'Guru12345*!', 'N', 'Guru Mapel', '082237442222'),
('0021.043', 'Nama_Pengguna', 'Guru', 'pengguna', 'Guru12345*!', 'N', 'Guru Mapel', '085953912558'),
('0021.044', 'Nama_Pengguna', 'Guru', 'pengguna', 'Guru12345*!', 'N', 'Guru Mapel', '08563769773'),
('0021.045', 'Nama_Pengguna', 'Guru', 'pengguna', 'Guru12345*!', 'N', 'Guru Mapel', '087863112233'),
('0021.046', 'Masri Kagatanaribe,M.Pd.', 'Guru', 'masri', 'Guru12345*!', 'Y', 'Guru Mapel', '085739990443'),
('0021.047', 'Nama_Pengguna', 'Guru', 'pengguna', 'Guru12345*!', 'N', 'Guru Mapel', '087861863842'),
('0021.048', 'Luh Putu Trisma Prabawati,S.Kom.', 'Guru', 'trisma', 'Guru12345*!', 'Y', 'Guru Mapel', '082291355411'),
('0021.049', 'Kadek Diah Kertiana,S.Kom.', 'Guru', 'diah', 'Guru12345*!', 'Y', 'Guru Mapel', '082247033484'),
('0021.050', 'Nama_Pengguna', 'Guru', 'pengguna', 'Guru12345*!', 'N', 'Guru Mapel', '08123650940'),
('0021.051', 'Nama_Pengguna', 'Guru', 'pengguna', 'Guru12345*!', 'N', 'Guru Mapel', '083114537674'),
('0021.052', 'Nama_Pengguna', 'Guru', 'pengguna', 'Guru12345*!', 'N', 'Guru Mapel', '085738235218'),
('0021.053', 'Nama_Pengguna', 'Guru', 'pengguna', 'Guru12345*!', 'N', 'Guru Mapel', '082146167817'),
('0021.054', 'Nama_Pengguna', 'Guru', 'pengguna', 'Guru12345*!', 'N', 'Guru Mapel', '081239588346'),
('0021.055', 'Nama_Pengguna', 'Guru', 'pengguna', 'Guru12345*!', 'N', 'Guru Mapel', '081338401856'),
('0021.056', 'Nama_Pengguna', 'Guru', 'pengguna', 'Guru12345*!', 'N', 'Guru Mapel', '085738216181'),
('0021.057', 'Nama_Pengguna', 'Guru', 'pengguna', 'Guru12345*!', 'N', 'Guru Mapel', '083834969500'),
('0021.058', 'I Wayan Arik Sukariawan,S.Kom.', 'Guru', 'arik', 'Guru12345*!', 'Y', 'Guru Mapel', '082247033088'),
('0021.059', 'Nama_Pengguna', 'Guru', 'pengguna', 'Guru12345*!', 'N', 'Guru Mapel', '082247033030'),
('0021.060', 'I Putu Eka Mahendra,S.Kom.', 'Guru', 'eka', 'Guru12345*!', 'Y', 'Guru Mapel', '0895347674833'),
('0021.061', 'Nama_Pengguna', 'Guru', 'pengguna', 'Guru12345*!', 'N', 'Guru Mapel', '081238437877'),
('0021.062', 'Bella Cintya Devi,S.Kom.', 'Guru', 'bella', 'Guru12345*!', 'Y', 'Guru Mapel', '081237896743'),
('0021.063', 'Darsusanto,S.Ag.', 'Guru', 'darsusanto', 'Guru12345*!', 'Y', 'Guru Mapel', '081933019479'),
('0021.064', 'I Gusti Made Gunawan,S.Pd.', 'Guru', 'gun', 'Guru12345*!', 'Y', 'Guru Mapel', '087837454455'),
('0021.065', 'Ni Wayan Sriyaningsih,S.Sos.', 'Guru', 'anik', 'Guru12345*!', 'Y', 'Guru Mapel', '081220692219'),
('0021.066', 'Nama_Pengguna', 'Guru', 'pengguna', 'Guru12345*!', 'N', 'Guru Mapel', '081353285810'),
('0021.067', 'Nengah Dwi Rahayu,SE', 'Guru', 'dwirahayu', 'Guru12345*!', 'Y', 'Guru Mapel', '081338512340'),
('0021.068', 'Nama_Pengguna', 'Guru', 'pengguna', 'Guru12345*!', 'N', 'Guru Mapel', '081933106676'),
('0021.069', 'Nama_Pengguna', 'Guru', 'pengguna', 'Guru12345*!', 'N', 'Guru Mapel', '081338638999'),
('0021.070', 'Ni Putu Tirta Purnama Dewi,S.Pd', 'Guru', 'pengguna', 'Guru12345*!', 'N', 'Guru Mapel', '081999022333'),
('0021.071', 'Ni Nyoman Damayanti,S.Pd.,M.Pd.', 'Guru', 'kotika', 'Guru12345*!', 'Y', 'Guru Mapel', '081805474228'),
('0021.072', 'Nama_Pengguna', 'Guru', 'pengguna', 'Guru12345*!', 'Y', 'Guru Mapel', '083117769593'),
('0021.073', 'Ni Wayan Lina Valentine,S.Pd.', 'Guru', 'lina', 'Guru12345*!', 'Y', 'Guru Mapel', '082146503026'),
('0021.074', 'Nama_Pengguna', 'Guru', 'pengguna', 'Guru12345*!', 'N', 'Guru Mapel', '081999976038'),
('0021.075', 'Nama_Pengguna', 'Guru', 'pengguna', 'Guru12345*!', 'N', 'Guru Mapel', '082247033044'),
('0021.076', 'Triono Doni Wijaya,S.Kom.', 'Guru', 'doni', 'Guru12345*!', 'Y', 'Guru Mapel', '087862656412'),
('0021.077', 'Nuri Sutiyaningsih,M.Kom.', 'Guru', 'nuri', 'Guru12345*!', 'Y', 'Guru Mapel', '082237442222'),
('0021.078', 'Kadek Arie Wira Kusuma,S.Kom.', 'Guru', 'ariewira', 'Guru12345*!', 'Y', 'Guru Mapel', '085953912558'),
('0021.079', 'Ni Putu Linda Agustini,S.Pd.', 'Guru', 'linda', 'Guru12345*!', 'Y', 'Guru Mapel', '08563769773'),
('0021.080', 'Ida Bagus Angga Baskara,S.Pd.', 'Guru', 'baskara', 'Guru12345*!', 'Y', 'Guru Mapel', '087863112233'),
('0021.081', 'Tjok Istri Agung Rai Sintha Devi,S.Pd.', 'Guru', 'sintha', 'Guru12345*!', 'Y', 'Guru Mapel', '085739990443'),
('0021.082', 'Ida Bagus Maha Indra Prasada,S.Kom.', 'Guru', 'mahaindra', 'Guru12345*!', 'Y', 'Guru Mapel', '087861863842'),
('0021.083', 'Ida Ayu Dewi Paramita,S.Pd.', 'Guru', 'dayumita', 'Guru12345*!', 'Y', 'Guru Mapel', '082291355411'),
('0021.084', 'Ni Luh Rosa Diarsanthi,S.Pd.', 'Guru', 'rosa', 'Guru12345*!', 'Y', 'Guru Mapel', '082247033484'),
('0021.085', 'Yustina Mariana Odang,S.Pd.', 'Guru', 'yustina', 'Guru12345*!', 'Y', 'Guru Mapel', '08123650940'),
('0021.086', 'Ida Ayu Amrita Pancajania,SE.', 'Guru', 'amrita', 'Guru12345*!', 'Y', 'Guru Mapel', '083114537674'),
('0021.087', 'A.A Gde Radika Mahaprasta Putra', 'Guru', 'radika', 'Guru12345*!', 'Y', 'Guru Mapel', '085738235218'),
('0021.088', 'Ni Ketut Supartini,SS.', 'Guru', 'tini', 'Guru12345*!', 'Y', 'Guru Mapel', '082146167817'),
('0021.089', 'M. Agus Wahyudi,S.Pd.', 'Guru', 'yudi', 'Guru12345*!', 'Y', 'Guru Mapel', '081239588346'),
('0021.090', 'I Made Pranayama,S.Pd.', 'Guru', 'pranayama', 'Guru12345*!', 'Y', 'Guru Mapel', '081338401856'),
('0021.091', 'Ni Kadek Chandra Putri Irani,S.Pd.,M.Pd.', 'Guru', 'chandra', 'Guru12345*!', 'Y', 'Guru Mapel', '085738216181'),
('0021.092', 'I Dewa Ayu Setiyawati,S.Pd.', 'Guru', 'dayu', 'Guru12345*!', 'Y', 'Guru Mapel', '083834969500'),
('0021.093', 'Finsensius Ratuaki,M.Pd.', 'Guru', 'finsen', 'Guru12345*!', 'Y', 'Guru BK X', '082247033088'),
('0021.094', 'Ni Putu Chintya Pradnya Suari,S.Pd.', 'Guru', 'chintya', 'Guru12345*!', 'Y', 'Guru BK XI', '082247033030'),
('0021.095', 'Adventina Puspita', 'Guru', 'puspita', 'Guru12345*!', 'Y', 'Guru Mapel', '0895347674833'),
('0021.096', 'Aprianus Anjelius Foutnine,S.Fil', 'Guru', 'anjel', 'Guru12345*!', 'Y', 'Guru Mapel', '081238437877');

-- 6. Ortu_Wali
CREATE TABLE `ortu_wali` (
  `id_ortu_wali` INT(5) PRIMARY KEY,
  `ayah` VARCHAR(50),
  `ibu` VARCHAR(50),
  `wali` VARCHAR(50),
  `pekerjaan_ayah` VARCHAR(50),
  `pekerjaan_ibu` VARCHAR(50),
  `pekerjaan_wali` VARCHAR(50),
  `no_telp_ayah` VARCHAR(16),
  `no_telp_ibu` VARCHAR(16),
  `no_telp_wali` VARCHAR(16),
  `alamat_ayah` VARCHAR(100),
  `alamat_ibu` VARCHAR(100),
  `alamat_wali` VARCHAR(100)
);

INSERT INTO `ortu_wali` (`id_ortu_wali`, `ayah`, `ibu`, `wali`, `pekerjaan_ayah`, `pekerjaan_ibu`, `pekerjaan_wali`, `no_telp_ayah`, `no_telp_ibu`, `no_telp_wali`, `alamat_ayah`, `alamat_ibu`, `alamat_wali`) VALUES
(1, 'Bagus Ahmad', 'Wati Utari', NULL, 'Dokter Spesialis', 'Dokter Spesialis', NULL, '6281679485408', '6281679485408', NULL, 'Jalan Nangka 2 A, Gang Rujak', 'Jalan Nangka 2 A, Gang Rujak', NULL),
(2, 'Lukman Halimah', 'Mega Rahma', NULL, 'Penjahit', 'Penjahit', NULL, '628621323300', '628621323300', NULL, 'Jalan Antasura, Perumahan Elit', 'Jalan Antasura, Perumahan Elit', NULL),
(3, 'Calvin Connor', 'Natalia Glover', NULL, 'Pengelola Properti', 'Pengelola Properti', NULL, '6282540268936', '628785988574', NULL, NULL, NULL, 'Jalan Sesetan, Gang No 5'),
(4, NULL, NULL, 'Safiya Hartman', NULL, NULL, 'Designer', NULL, NULL, '62860589252', 'Psr Jatinegara Bl BKS/30, Dki Jakarta', 'Psr Jatinegara Bl BKS/30, Dki Jakarta', NULL);

-- 7. Profil_Sekolah
CREATE TABLE `profil_sekolah` (
  `id_profil_sekolah` INT(2) PRIMARY KEY,
  `nama_sekolah` VARCHAR(50),
  `alamat_sekolah` VARCHAR(100),
  `kota` VARCHAR(30)
);

INSERT INTO `profil_sekolah` (`id_profil_sekolah`, `nama_sekolah`, `alamat_sekolah`, `kota`) VALUES
(1, 'SMKS TI Bali Global Denpasar', 'Kecamatan Denpasar Selatan, Kota Denpasar, Provinsi Bali', 'Denpasar');

-- 8. Surat_Pindah_Sekolah
CREATE TABLE `surat_pindah` (
  `id_surat_pindah` INT(5) PRIMARY KEY,
  `sekolah_tujuan` VARCHAR(100),
  `alasan_pindah` TEXT
);

INSERT INTO `surat_pindah` (`id_surat_pindah`, `sekolah_tujuan`, `alasan_pindah`) VALUES
(1, 'SMAN 1 Surakarta', 'Mengikuti perpindahan dinas orang tua'),
(2, 'SMKS Harapan', 'Mengikuti perpindahan dinas orang tua'),
(3, 'SMKN 2 Denpasar', 'Mengikuti perpindahan dinas orang tua');

-- 9. Kelas
CREATE TABLE `kelas` (
  `id_kelas` INT(3) PRIMARY KEY,
  `id_tingkat` INT,
  `id_program_keahlian` INT,
  `rombel` INT,
  `kode_guru` CHAR(8),
  FOREIGN KEY (`id_tingkat`) REFERENCES `tingkat`(`id_tingkat`),
  FOREIGN KEY (`id_program_keahlian`) REFERENCES `program_keahlian`(`id_program_keahlian`),
  FOREIGN KEY (`kode_guru`) REFERENCES `guru`(`kode_guru`)
);

INSERT INTO `kelas` (`id_kelas`, `id_tingkat`, `id_program_keahlian`, `rombel`, `kode_guru`) VALUES
(1, 3, 1, 1, '0021.003'),
(2, 3, 1, 2, '0021.039'),
(3, 3, 1, 3, '0021.002'),
(4, 3, 1, 4, '0021.003'),
(5, 3, 1, 5, '0021.004'),
(6, 3, 3, 1, '0021.005'),
(7, 3, 2, 1, '0021.006'),
(24, 1, 1, 1, '0021.023'),
(35, 1, 4, 1, '0021.034');

-- 10. Siswa
CREATE TABLE `siswa` (
  `nis` INT(5) PRIMARY KEY,
  `nama_siswa` VARCHAR(50),
  `jenis_kelamin` ENUM('Laki - Laki', 'Perempuan'),
  `alamat` VARCHAR(100),
  `password` VARCHAR(70),
  `status` ENUM('aktif', 'lulus', 'keluar'),
  `id_ortu_wali` INT(5),
  `id_kelas` INT(3),
  FOREIGN KEY (`id_ortu_wali`) REFERENCES `ortu_wali`(`id_ortu_wali`),
  FOREIGN KEY (`id_kelas`) REFERENCES `kelas`(`id_kelas`)
);

INSERT INTO `siswa` (`nis`, `nama_siswa`, `jenis_kelamin`, `alamat`, `password`, `status`, `id_ortu_wali`, `id_kelas`) VALUES
(7012, 'Abdullah Musa', 'Laki - Laki', 'Jl Psr Paseban Bl B Lt3, Dki Jakarta', 'Siswa12345*!', 'aktif', 1, 1),
(8312, 'Juni Budi', 'Laki - Laki', 'Jl Gn Krakatau 387 A, Sumatera Utara', 'Siswa12345*!', 'lulus', 2, 2),
(9123, 'Wahyuni Yuliana', 'Perempuan', 'Jl MH Thamrin Kav 28-30 Plaza, Jakarta', 'Siswa12345*!', 'keluar', 4, 3),
(9124, 'Ryan', 'Laki - Laki', 'Psr Jatinegara Bl BKS/30, Dki Jakarta', 'Siswa12345*!', 'aktif', 3, 4),
(9125, 'Narin', 'Perempuan', 'Jl Janur 11 43 RT 003/07 Pd Kelapa, Dki Jakarta', 'Siswa12345*!', 'aktif', 2, 5),
(9126, 'Dayu', 'Perempuan', 'Jl Salemba Raya 2 Ged Kenari Baru Bl C/4, Dki Jakarta', 'Siswa12345*!', 'aktif', 1, 6);

-- 11. Pelanggaran_Siswa
CREATE TABLE `pelanggaran_siswa` (
  `id_pelanggaran_siswa` INT(5) PRIMARY KEY,
  `tanggal` DATETIME,
  `nis` INT(5),
  `id_jenis_pelanggaran` INT,
  `keterangan` TEXT,
  FOREIGN KEY (`nis`) REFERENCES `siswa`(`nis`),
  FOREIGN KEY (`id_jenis_pelanggaran`) REFERENCES `jenis_pelanggaran`(`id_jenis_pelanggaran`)
);

INSERT INTO `pelanggaran_siswa` (`id_pelanggaran_siswa`, `tanggal`, `nis`, `id_jenis_pelanggaran`, `keterangan`) VALUES
(1, '2026-01-02 09:26:32', 9124, 2, 'Terlambat masuk hari Senin'),
(2, '2026-01-02 09:26:35', 9125, 3, 'Tidak mengerjakan PR'),
(3, '2026-01-02 11:26:35', 9126, 3, 'Makan di kelas saat pelajaran Matematika');

-- 12. Perjanjian_Siswa
CREATE TABLE `perjanjian_siswa` (
  `id_perjanjian_siswa` INT(5) PRIMARY KEY,
  `tanggal` DATETIME,
  `id_pelanggaran_siswa` INT,
  `status` ENUM('Masih Proses', 'Selesai'),
  `foto_dokumen` VARCHAR(100),
  `tingkat` VARCHAR(3),
  FOREIGN KEY (`id_pelanggaran_siswa`) REFERENCES `pelanggaran_siswa`(`id_pelanggaran_siswa`)
);

INSERT INTO `perjanjian_siswa` (`id_perjanjian_siswa`, `tanggal`, `id_pelanggaran_siswa`, `status`, `foto_dokumen`, `tingkat`) VALUES
(1, '2026-01-02 09:26:31', 1, 'Masih Proses', NULL, 'X'),
(2, '2026-01-03 09:26:32', 2, 'Selesai', 'IMG_20260923.jpg', 'XI'),
(3, '2026-01-05 08:26:32', 3, 'Masih Proses', NULL, 'XI');

-- 13. Perjanjian_Orang_Tua
CREATE TABLE `perjanjian_orang_tua` (
  `id_perjanjian_ortu` INT(5) PRIMARY KEY,
  `tanggal` DATETIME,
  `id_pelanggaran_siswa` INT(5),
  `id_ortu_wali` INT(5),
  `status` ENUM('Masih Proses', 'Selesai'),
  `foto_dokumen` VARCHAR(100),
  `tingkat` VARCHAR(3),
  FOREIGN KEY (`id_pelanggaran_siswa`) REFERENCES `pelanggaran_siswa`(`id_pelanggaran_siswa`),
  FOREIGN KEY (`id_ortu_wali`) REFERENCES `ortu_wali`(`id_ortu_wali`)
);

INSERT INTO `perjanjian_orang_tua` (`id_perjanjian_ortu`, `tanggal`, `id_pelanggaran_siswa`, `id_ortu_wali`, `status`, `foto_dokumen`, `tingkat`) VALUES
(1, '2026-01-02 09:26:31', 1, 1, 'Masih Proses', NULL, 'X'),
(2, '2026-01-03 09:26:32', 2, 4, 'Selesai', 'IMG_20260923.jpg', 'XI');

-- 14. Surat_Keluar
CREATE TABLE `surat_keluar` (
  `id_surat_keluar` INT(5) PRIMARY KEY,
  `no_surat` VARCHAR(30),
  `id_tingkat` INT(1),
  `jenis_surat` VARCHAR(30),
  `id_pindah_sekolah` INT(5),
  `nis` INT(5),
  `tanggal_pembuatan_surat` DATE,
  `id_profil_sekolah` INT(2),
  `id_tahun_ajaran` INT(3),
  FOREIGN KEY (`id_tingkat`) REFERENCES `tingkat`(`id_tingkat`),
  FOREIGN KEY (`id_pindah_sekolah`) REFERENCES `surat_pindah`(`id_surat_pindah`),
  FOREIGN KEY (`nis`) REFERENCES `siswa`(`nis`),
  FOREIGN KEY (`id_profil_sekolah`) REFERENCES `profil_sekolah`(`id_profil_sekolah`),
  FOREIGN KEY (`id_tahun_ajaran`) REFERENCES `tahun_ajaran`(`id_tahun_ajaran`)
);

INSERT INTO `surat_keluar` (`id_surat_keluar`, `no_surat`, `id_tingkat`, `jenis_surat`, `id_pindah_sekolah`, `nis`, `tanggal_pembuatan_surat`, `id_profil_sekolah`, `id_tahun_ajaran`) VALUES
(1, '548/SMKTI/BG/XII/2025', 2, 'Pindah Sekolah', 1, 7012, '2026-01-08', 1, 5),
(2, '549/SMKTI/BG/XII/2025', 3, 'Panggilan Orang Tua', NULL, 8312, '2026-01-08', 1, 5),
(3, '550/SMKTI/BG/I/2026', 1, 'Pindah Sekolah', 2, 9123, '2026-01-10', 1, 5);

SET FOREIGN_KEY_CHECKS=1;
